{"loss": [0.6875887513160706, 0.5161800384521484, 0.4575823247432709, 0.39861437678337097, 0.37778347730636597, 0.36382466554641724, 0.35239845514297485, 0.3433019518852234, 0.3365310728549957, 0.3294607400894165, 0.32554754614830017, 0.31991496682167053, 0.3187648355960846, 0.31328773498535156, 0.31120163202285767, 0.3084196150302887, 0.30646729469299316, 0.3050408959388733, 0.30283764004707336, 0.30139198899269104, 0.29932281374931335, 0.3001726269721985, 0.2961840331554413, 0.2964020073413849, 0.2953627407550812, 0.2952057719230652, 0.2915356457233429, 0.29155123233795166, 0.29255130887031555, 0.2903367877006531, 0.2900258004665375, 0.2887258231639862, 0.2895098030567169, 0.28894251585006714, 0.2881315052509308, 0.2869880497455597, 0.28810033202171326, 0.28786590695381165, 0.28677359223365784, 0.285763680934906, 0.2842938303947449, 0.2859968841075897, 0.28474801778793335, 0.2842475175857544, 0.2838160991668701, 0.284675657749176, 0.28378868103027344, 0.2842656373977661, 0.28383782505989075, 0.2842373251914978, 0.28390541672706604, 0.28371354937553406, 0.2830631136894226, 0.28385916352272034, 0.28367117047309875, 0.2825476825237274, 0.28375065326690674, 0.28344929218292236, 0.28337550163269043, 0.2837989032268524, 0.2833414077758789, 0.2835375964641571, 0.2835249602794647, 0.2848392426967621, 0.2828683853149414, 0.2827455699443817, 0.28310850262641907, 0.28270313143730164, 0.2840443253517151, 0.282868355512619, 0.28316426277160645, 0.28190505504608154, 0.28274571895599365, 0.2840963304042816, 0.28105926513671875, 0.28359749913215637, 0.28195783495903015, 0.28417399525642395, 0.2828160226345062, 0.28422531485557556, 0.2823730707168579, 0.28262221813201904, 0.2829456925392151, 0.2814631760120392, 0.28234097361564636, 0.28260746598243713, 0.28232741355895996, 0.28262636065483093, 0.2819368839263916, 0.2820267379283905, 0.28203123807907104, 0.2823817729949951, 0.2828214168548584, 0.2818017303943634, 0.28319695591926575, 0.28245365619659424, 0.28175345063209534, 0.2821190655231476, 0.2820790112018585, 0.2811499536037445], "val_loss": [0.5131945610046387, 0.4596531093120575, 0.38471949100494385, 0.342640221118927, 0.3221726715564728, 0.31060728430747986, 0.3001243472099304, 0.2901553809642792, 0.28991788625717163, 0.2771538197994232, 0.2752111256122589, 0.27797210216522217, 0.2666308581829071, 0.26474201679229736, 0.26184728741645813, 0.26195791363716125, 0.2585999667644501, 0.2566985785961151, 0.26360201835632324, 0.25625964999198914, 0.2547793984413147, 0.26151156425476074, 0.24956734478473663, 0.25492429733276367, 0.2516452968120575, 0.25176045298576355, 0.2482573390007019, 0.24647891521453857, 0.24759259819984436, 0.2463819831609726, 0.2458316683769226, 0.24667510390281677, 0.24592725932598114, 0.244910329580307, 0.24962197244167328, 0.24298575520515442, 0.24495257437229156, 0.24390174448490143, 0.24754303693771362, 0.24346797168254852, 0.24346590042114258, 0.2446514070034027, 0.24170878529548645, 0.24289028346538544, 0.24133466184139252, 0.24128113687038422, 0.24212361872196198, 0.24367088079452515, 0.2419632375240326, 0.2416297197341919, 0.24168555438518524, 0.2420954704284668, 0.2408519834280014, 0.2406858205795288, 0.24128590524196625, 0.24105359613895416, 0.24124860763549805, 0.24103635549545288, 0.24096494913101196, 0.2411094754934311, 0.24167534708976746, 0.2413584291934967, 0.24073542654514313, 0.24053984880447388, 0.24119262397289276, 0.2408100962638855, 0.24065446853637695, 0.24101679027080536, 0.2404862940311432, 0.2405443787574768, 0.24039997160434723, 0.24070264399051666, 0.2404211014509201, 0.24047526717185974, 0.24070678651332855, 0.24046824872493744, 0.24099117517471313, 0.2403491884469986, 0.24102647602558136, 0.24060344696044922, 0.24115094542503357, 0.24141301214694977, 0.24027910828590393, 0.24043039977550507, 0.24131375551223755, 0.24013684689998627, 0.24020454287528992, 0.24031464755535126, 0.24196301400661469, 0.2408774197101593, 0.24051742255687714, 0.23987647891044617, 0.23957058787345886, 0.2406214326620102, 0.24035675823688507, 0.24085983633995056, 0.240565225481987, 0.2408069670200348, 0.23970480263233185, 0.24032366275787354], "learning_rate": [0.00019999999494757503, 0.00019999999494757503, 0.00019999999494757503, 0.00019999999494757503, 0.00019999999494757503, 0.00019999999494757503, 0.00019999999494757503, 0.00019999999494757503, 0.00019999999494757503, 0.00019999999494757503, 0.00019999999494757503, 0.00019999999494757503, 0.00019999999494757503, 0.00019999999494757503, 0.00019999999494757503, 0.00019999999494757503, 0.00019999999494757503, 0.00019999999494757503, 0.00019999999494757503, 0.00019999999494757503, 0.00019999999494757503, 0.00019999999494757503, 0.00019999999494757503, 0.00019999999494757503, 0.00019999999494757503, 0.00019999999494757503, 9.999999747378752e-05, 9.999999747378752e-05, 9.999999747378752e-05, 9.999999747378752e-05, 9.999999747378752e-05, 9.999999747378752e-05, 9.999999747378752e-05, 9.999999747378752e-05, 9.999999747378752e-05, 9.999999747378752e-05, 9.999999747378752e-05, 9.999999747378752e-05, 9.999999747378752e-05, 4.999999873689376e-05, 4.999999873689376e-05, 4.999999873689376e-05, 2.499999936844688e-05, 2.499999936844688e-05, 2.499999936844688e-05, 2.499999936844688e-05, 2.499999936844688e-05, 2.499999936844688e-05, 1.249999968422344e-05, 1.249999968422344e-05, 1.249999968422344e-05, 9.999999747378752e-06, 9.999999747378752e-06, 9.999999747378752e-06, 9.999999747378752e-06, 9.999999747378752e-06, 9.999999747378752e-06, 9.999999747378752e-06, 9.999999747378752e-06, 9.999999747378752e-06, 9.999999747378752e-06, 9.999999747378752e-06, 9.999999747378752e-06, 9.999999747378752e-06, 9.999999747378752e-06, 9.999999747378752e-06, 9.999999747378752e-06, 9.999999747378752e-06, 9.999999747378752e-06, 9.999999747378752e-06, 9.999999747378752e-06, 9.999999747378752e-06, 9.999999747378752e-06, 9.999999747378752e-06, 9.999999747378752e-06, 9.999999747378752e-06, 9.999999747378752e-06, 9.999999747378752e-06, 9.999999747378752e-06, 9.999999747378752e-06, 9.999999747378752e-06, 9.999999747378752e-06, 9.999999747378752e-06, 9.999999747378752e-06, 9.999999747378752e-06, 9.999999747378752e-06, 9.999999747378752e-06, 9.999999747378752e-06, 9.999999747378752e-06, 9.999999747378752e-06, 9.999999747378752e-06, 9.999999747378752e-06, 9.999999747378752e-06, 9.999999747378752e-06, 9.999999747378752e-06, 9.999999747378752e-06, 9.999999747378752e-06, 9.999999747378752e-06, 9.999999747378752e-06, 9.999999747378752e-06]}