{"loss": [0.7845757603645325, 0.5640485286712646, 0.5290729403495789, 0.5001816749572754, 0.4629526734352112, 0.42525970935821533, 0.4087032377719879, 0.40140199661254883, 0.3899402916431427, 0.38592419028282166, 0.3755032420158386, 0.37179842591285706, 0.3654994070529938, 0.35903114080429077, 0.3575712740421295, 0.35147684812545776, 0.34821197390556335, 0.3435865640640259, 0.34274330735206604, 0.3378783166408539, 0.3373553156852722, 0.3316444456577301, 0.330129474401474, 0.32597604393959045, 0.32562872767448425, 0.3251151740550995, 0.32124558091163635, 0.3210853934288025, 0.31921857595443726, 0.3177690804004669, 0.31649646162986755, 0.3152674436569214, 0.314039021730423, 0.3151156008243561, 0.31053513288497925, 0.3096367418766022, 0.3119325637817383, 0.310574471950531, 0.30909255146980286, 0.3099195659160614, 0.30805447697639465, 0.30808696150779724, 0.3062138855457306, 0.3062399923801422, 0.30657193064689636, 0.3057580888271332, 0.30685579776763916, 0.30389833450317383, 0.30357494950294495, 0.30316871404647827, 0.30246883630752563, 0.3039311468601227, 0.3055017590522766, 0.3044603168964386, 0.30203065276145935, 0.30286458134651184, 0.3024560213088989, 0.30271947383880615, 0.3032771050930023, 0.3016110956668854, 0.302998423576355, 0.30241891741752625], "val_loss": [0.5590025782585144, 0.5134212374687195, 0.47900307178497314, 0.4427933692932129, 0.39495202898979187, 0.3644121587276459, 0.3502862751483917, 0.34024930000305176, 0.33277323842048645, 0.3250724971294403, 0.3181084096431732, 0.31173041462898254, 0.30995163321495056, 0.302348256111145, 0.29723483324050903, 0.2944537401199341, 0.2878226637840271, 0.28507569432258606, 0.2799312472343445, 0.2770165801048279, 0.27587127685546875, 0.273427814245224, 0.27295976877212524, 0.2694900333881378, 0.2669127881526947, 0.2657478153705597, 0.2665361166000366, 0.2683394253253937, 0.26146379113197327, 0.2636148929595947, 0.26111075282096863, 0.2595032751560211, 0.259143203496933, 0.2621723711490631, 0.2599601149559021, 0.25897908210754395, 0.25544753670692444, 0.2590140998363495, 0.2535494267940521, 0.2586037814617157, 0.2578682601451874, 0.25679197907447815, 0.25315290689468384, 0.2554442584514618, 0.2510218322277069, 0.25179946422576904, 0.2524968385696411, 0.2533993124961853, 0.2510089576244354, 0.25089889764785767, 0.25112059712409973, 0.25187408924102783, 0.25076302886009216, 0.2524712085723877, 0.25273820757865906, 0.25327619910240173, 0.24936604499816895, 0.25196805596351624, 0.2495841532945633, 0.2503584027290344, 0.25030407309532166, 0.2498774528503418], "learning_rate": [0.00019999999494757503, 0.00019999999494757503, 0.00019999999494757503, 0.00019999999494757503, 0.00019999999494757503, 0.00019999999494757503, 0.00019999999494757503, 0.00019999999494757503, 0.00019999999494757503, 0.00019999999494757503, 0.00019999999494757503, 0.00019999999494757503, 0.00019999999494757503, 0.00019999999494757503, 0.00019999999494757503, 0.00019999999494757503, 0.00019999999494757503, 0.00019999999494757503, 0.00019999999494757503, 0.00019999999494757503, 0.00019999999494757503, 0.00019999999494757503, 0.00019999999494757503, 0.00019999999494757503, 0.00019999999494757503, 0.00019999999494757503, 0.00019999999494757503, 0.00019999999494757503, 0.00019999999494757503, 0.00019999999494757503, 0.00019999999494757503, 0.00019999999494757503, 0.00019999999494757503, 0.00019999999494757503, 0.00019999999494757503, 0.00019999999494757503, 0.00019999999494757503, 0.00019999999494757503, 0.00019999999494757503, 0.00019999999494757503, 0.00019999999494757503, 0.00019999999494757503, 9.999999747378752e-05, 9.999999747378752e-05, 9.999999747378752e-05, 9.999999747378752e-05, 9.999999747378752e-05, 9.999999747378752e-05, 4.999999873689376e-05, 4.999999873689376e-05, 4.999999873689376e-05, 4.999999873689376e-05, 4.999999873689376e-05, 4.999999873689376e-05, 4.999999873689376e-05, 4.999999873689376e-05, 2.499999936844688e-05, 2.499999936844688e-05, 2.499999936844688e-05, 2.499999936844688e-05, 1.249999968422344e-05, 1.249999968422344e-05]}