{"loss": [0.814852774143219, 0.5652503967285156, 0.5352442264556885, 0.5037267208099365, 0.46578511595726013, 0.43237677216529846, 0.41129449009895325, 0.4000626802444458, 0.39188626408576965, 0.3829442858695984, 0.37578701972961426, 0.36975401639938354, 0.36398857831954956, 0.36144787073135376, 0.35577139258384705, 0.34995293617248535, 0.34817081689834595, 0.3444097638130188, 0.3418515622615814, 0.34026411175727844, 0.3336595892906189, 0.33503401279449463, 0.3317655324935913, 0.3293287456035614, 0.32639655470848083, 0.32529187202453613, 0.32214289903640747, 0.3210020363330841, 0.3217059373855591, 0.31664714217185974, 0.3176252245903015, 0.317402720451355, 0.3147262930870056, 0.3154236078262329, 0.3145069479942322, 0.31226369738578796, 0.31204551458358765, 0.31178346276283264, 0.30851176381111145, 0.3087800145149231, 0.3093631863594055, 0.3066771328449249, 0.30793359875679016, 0.3052622377872467, 0.305829793214798, 0.30581656098365784, 0.304151713848114, 0.30473247170448303, 0.30542659759521484, 0.3037855327129364, 0.30218756198883057, 0.3038056790828705, 0.30381864309310913, 0.30328699946403503, 0.3014509975910187, 0.30208060145378113, 0.30128994584083557, 0.30083799362182617, 0.30016258358955383, 0.30182787775993347, 0.29992538690567017, 0.30082646012306213, 0.30020299553871155, 0.29969412088394165, 0.301491379737854, 0.30099570751190186, 0.29935139417648315], "val_loss": [0.5652562379837036, 0.5176746845245361, 0.48459264636039734, 0.44770416617393494, 0.4043235182762146, 0.37236911058425903, 0.35693323612213135, 0.3470696210861206, 0.3381170928478241, 0.3303726017475128, 0.3271629810333252, 0.3179831802845001, 0.3159770667552948, 0.3031193017959595, 0.30081140995025635, 0.29535672068595886, 0.29091933369636536, 0.29044222831726074, 0.2840368151664734, 0.28060856461524963, 0.27653396129608154, 0.2750205099582672, 0.27336907386779785, 0.2786361873149872, 0.270258367061615, 0.2699989080429077, 0.2676275670528412, 0.26758795976638794, 0.2649760842323303, 0.265633761882782, 0.26549017429351807, 0.26027801632881165, 0.2603672444820404, 0.2589758336544037, 0.2584161162376404, 0.26073724031448364, 0.25754714012145996, 0.254856675863266, 0.2548729479312897, 0.2555256485939026, 0.253426730632782, 0.25542762875556946, 0.2562807500362396, 0.25484752655029297, 0.25448572635650635, 0.2517729103565216, 0.2517155110836029, 0.2537190616130829, 0.25136616826057434, 0.25109899044036865, 0.25131434202194214, 0.24984832108020782, 0.24969562888145447, 0.2512907385826111, 0.25411301851272583, 0.24886393547058105, 0.24843665957450867, 0.2501717805862427, 0.25126928091049194, 0.24865196645259857, 0.2496103048324585, 0.24815942347049713, 0.24912448227405548, 0.25003108382225037, 0.25100454688072205, 0.24960266053676605, 0.2497960329055786], "learning_rate": [0.00019999999494757503, 0.00019999999494757503, 0.00019999999494757503, 0.00019999999494757503, 0.00019999999494757503, 0.00019999999494757503, 0.00019999999494757503, 0.00019999999494757503, 0.00019999999494757503, 0.00019999999494757503, 0.00019999999494757503, 0.00019999999494757503, 0.00019999999494757503, 0.00019999999494757503, 0.00019999999494757503, 0.00019999999494757503, 0.00019999999494757503, 0.00019999999494757503, 0.00019999999494757503, 0.00019999999494757503, 0.00019999999494757503, 0.00019999999494757503, 0.00019999999494757503, 0.00019999999494757503, 0.00019999999494757503, 0.00019999999494757503, 0.00019999999494757503, 0.00019999999494757503, 0.00019999999494757503, 0.00019999999494757503, 0.00019999999494757503, 0.00019999999494757503, 0.00019999999494757503, 0.00019999999494757503, 0.00019999999494757503, 0.00019999999494757503, 0.00019999999494757503, 0.00019999999494757503, 0.00019999999494757503, 0.00019999999494757503, 0.00019999999494757503, 0.00019999999494757503, 0.00019999999494757503, 0.00019999999494757503, 9.999999747378752e-05, 9.999999747378752e-05, 9.999999747378752e-05, 9.999999747378752e-05, 9.999999747378752e-05, 9.999999747378752e-05, 9.999999747378752e-05, 9.999999747378752e-05, 9.999999747378752e-05, 9.999999747378752e-05, 9.999999747378752e-05, 9.999999747378752e-05, 9.999999747378752e-05, 9.999999747378752e-05, 9.999999747378752e-05, 9.999999747378752e-05, 4.999999873689376e-05, 4.999999873689376e-05, 4.999999873689376e-05, 4.999999873689376e-05, 4.999999873689376e-05, 2.499999936844688e-05, 2.499999936844688e-05]}