{"loss": [0.804631233215332, 0.5567502975463867, 0.5267654061317444, 0.4986923038959503, 0.4682375192642212, 0.4344271123409271, 0.41001462936401367, 0.3990878760814667, 0.3866147994995117, 0.3820304274559021, 0.37534472346305847, 0.36764171719551086, 0.3623523414134979, 0.3593463599681854, 0.35498058795928955, 0.34993231296539307, 0.34782540798187256, 0.34289854764938354, 0.33885031938552856, 0.33630847930908203, 0.33435729146003723, 0.331993043422699, 0.330311119556427, 0.3243032395839691, 0.3252626955509186, 0.32266202569007874, 0.3210674226284027, 0.3203418254852295, 0.3182661235332489, 0.31624889373779297, 0.31526392698287964, 0.3145924508571625, 0.3141171634197235, 0.3140695095062256, 0.31076741218566895, 0.31104782223701477, 0.3095950782299042, 0.3097199499607086, 0.30968645215034485, 0.30596035718917847, 0.30838543176651, 0.30746105313301086, 0.30552369356155396, 0.30656158924102783, 0.3055878281593323, 0.30630919337272644, 0.3042399287223816, 0.30542194843292236, 0.3044104278087616, 0.3065227270126343, 0.3041451871395111], "val_loss": [0.5545450448989868, 0.5166254639625549, 0.48600679636001587, 0.45409080386161804, 0.411377489566803, 0.3712187111377716, 0.35084980726242065, 0.34458717703819275, 0.33005931973457336, 0.3258163332939148, 0.3206578195095062, 0.3088705837726593, 0.311849981546402, 0.29970434308052063, 0.2969535291194916, 0.2929665744304657, 0.287485271692276, 0.28658127784729004, 0.2810072600841522, 0.2786988914012909, 0.2757870852947235, 0.284909725189209, 0.2735312581062317, 0.27603328227996826, 0.27381452918052673, 0.2714173495769501, 0.26290616393089294, 0.2618037164211273, 0.2613441050052643, 0.2635393440723419, 0.25811728835105896, 0.2589341998100281, 0.2569742202758789, 0.2541075646877289, 0.25462672114372253, 0.25502583384513855, 0.25599974393844604, 0.2522561550140381, 0.25461718440055847, 0.25245362520217896, 0.25205498933792114, 0.251118004322052, 0.25162768363952637, 0.2538907825946808, 0.255011647939682, 0.24965277314186096, 0.2543322443962097, 0.24983978271484375, 0.25130707025527954, 0.24994653463363647, 0.25024858117103577], "learning_rate": [0.00019999999494757503, 0.00019999999494757503, 0.00019999999494757503, 0.00019999999494757503, 0.00019999999494757503, 0.00019999999494757503, 0.00019999999494757503, 0.00019999999494757503, 0.00019999999494757503, 0.00019999999494757503, 0.00019999999494757503, 0.00019999999494757503, 0.00019999999494757503, 0.00019999999494757503, 0.00019999999494757503, 0.00019999999494757503, 0.00019999999494757503, 0.00019999999494757503, 0.00019999999494757503, 0.00019999999494757503, 0.00019999999494757503, 0.00019999999494757503, 0.00019999999494757503, 0.00019999999494757503, 0.00019999999494757503, 0.00019999999494757503, 0.00019999999494757503, 0.00019999999494757503, 0.00019999999494757503, 0.00019999999494757503, 0.00019999999494757503, 0.00019999999494757503, 0.00019999999494757503, 0.00019999999494757503, 0.00019999999494757503, 0.00019999999494757503, 0.00019999999494757503, 9.999999747378752e-05, 9.999999747378752e-05, 9.999999747378752e-05, 9.999999747378752e-05, 9.999999747378752e-05, 9.999999747378752e-05, 9.999999747378752e-05, 9.999999747378752e-05, 4.999999873689376e-05, 4.999999873689376e-05, 4.999999873689376e-05, 4.999999873689376e-05, 2.499999936844688e-05, 2.499999936844688e-05]}