{"loss": [10.483373641967773, 7.759724140167236, 6.173490047454834, 5.172995567321777, 4.480334758758545, 3.9584293365478516, 3.531221628189087, 3.1923625469207764, 2.898291826248169, 2.7218410968780518, 2.53983998298645, 2.421161413192749, 2.3180272579193115, 2.213128089904785, 2.168112277984619, 2.09712553024292, 2.0732200145721436, 2.0069637298583984, 1.9945169687271118, 1.9472960233688354, 1.9335216283798218, 1.924951434135437, 1.8813871145248413, 1.870495080947876, 1.8379309177398682, 1.840857744216919, 1.8181169033050537, 1.7989338636398315, 1.781064748764038, 1.785119652748108, 1.7724802494049072, 1.7488974332809448, 1.7491648197174072, 1.7256486415863037, 1.7146130800247192, 1.7079997062683105, 1.7118141651153564, 1.6964633464813232, 1.6662932634353638, 1.6583997011184692, 1.667966365814209, 1.6635321378707886, 1.641323447227478, 1.6333260536193848, 1.6268417835235596, 1.6240519285202026, 1.6057243347167969, 1.608404517173767, 1.6172987222671509, 1.5952523946762085, 1.5758614540100098, 1.5892752408981323, 1.5816558599472046, 1.5701578855514526, 1.5630916357040405, 1.5504679679870605, 1.5536537170410156, 1.5462254285812378, 1.542014241218567, 1.558106541633606, 1.5268725156784058, 1.535131573677063, 1.5302326679229736, 1.527033805847168, 1.526017189025879, 1.5102823972702026, 1.5148346424102783, 1.511303424835205, 1.5070688724517822, 1.5087560415267944, 1.4953596591949463, 1.494012713432312, 1.4918838739395142, 1.5007855892181396, 1.4895234107971191, 1.5041338205337524, 1.4891492128372192, 1.4967501163482666, 1.493560791015625, 1.4860682487487793, 1.4789745807647705, 1.481383204460144, 1.492331624031067, 1.479586124420166, 1.480515480041504, 1.4890550374984741], "val_loss": [8.620567321777344, 6.6647515296936035, 5.447793960571289, 4.648654937744141, 4.042223930358887, 3.565415143966675, 3.169422149658203, 2.8459856510162354, 2.584810495376587, 2.382553815841675, 2.1700856685638428, 2.0210912227630615, 1.9124037027359009, 1.7947734594345093, 1.776395320892334, 1.6782896518707275, 1.5843615531921387, 1.5583505630493164, 1.4970054626464844, 1.4805798530578613, 1.4238600730895996, 1.3938359022140503, 1.3639020919799805, 1.3618977069854736, 1.3170130252838135, 1.2971954345703125, 1.324793815612793, 1.2796601057052612, 1.2338837385177612, 1.2317562103271484, 1.2373249530792236, 1.1900333166122437, 1.1994128227233887, 1.1653591394424438, 1.1824554204940796, 1.1421077251434326, 1.12577223777771, 1.135221004486084, 1.109736680984497, 1.0979607105255127, 1.0777565240859985, 1.0802937746047974, 1.0657591819763184, 1.0666782855987549, 1.1247249841690063, 1.03738272190094, 1.0748928785324097, 1.0412211418151855, 1.0272942781448364, 1.0195926427841187, 1.0040372610092163, 1.0050722360610962, 1.0036648511886597, 0.9909502267837524, 1.0025696754455566, 0.9917395710945129, 0.979006290435791, 0.9982309937477112, 0.9563930034637451, 0.9986385703086853, 0.955065906047821, 0.9734323620796204, 0.9395159482955933, 0.947265088558197, 0.9525021910667419, 0.9572448134422302, 0.9284530878067017, 0.9325932264328003, 0.9262963533401489, 0.9214194416999817, 0.9199352264404297, 0.9264142513275146, 0.9292271137237549, 0.9205420017242432, 0.9161022901535034, 0.9178451895713806, 0.9155619740486145, 0.9217644929885864, 0.9116135239601135, 0.9149513840675354, 0.9091962575912476, 0.9160531759262085, 0.9112198352813721, 0.9107157588005066, 0.9096183180809021, 0.9095776081085205], "learning_rate": [0.00019999999494757503, 0.00019999999494757503, 0.00019999999494757503, 0.00019999999494757503, 0.00019999999494757503, 0.00019999999494757503, 0.00019999999494757503, 0.00019999999494757503, 0.00019999999494757503, 0.00019999999494757503, 0.00019999999494757503, 0.00019999999494757503, 0.00019999999494757503, 0.00019999999494757503, 0.00019999999494757503, 0.00019999999494757503, 0.00019999999494757503, 0.00019999999494757503, 0.00019999999494757503, 0.00019999999494757503, 0.00019999999494757503, 0.00019999999494757503, 0.00019999999494757503, 0.00019999999494757503, 0.00019999999494757503, 0.00019999999494757503, 0.00019999999494757503, 0.00019999999494757503, 0.00019999999494757503, 0.00019999999494757503, 0.00019999999494757503, 0.00019999999494757503, 0.00019999999494757503, 0.00019999999494757503, 0.00019999999494757503, 0.00019999999494757503, 0.00019999999494757503, 0.00019999999494757503, 0.00019999999494757503, 0.00019999999494757503, 0.00019999999494757503, 0.00019999999494757503, 0.00019999999494757503, 0.00019999999494757503, 0.00019999999494757503, 0.00019999999494757503, 0.00019999999494757503, 0.00019999999494757503, 0.00019999999494757503, 0.00019999999494757503, 0.00019999999494757503, 0.00019999999494757503, 0.00019999999494757503, 0.00019999999494757503, 0.00019999999494757503, 0.00019999999494757503, 0.00019999999494757503, 0.00019999999494757503, 0.00019999999494757503, 0.00019999999494757503, 0.00019999999494757503, 0.00019999999494757503, 0.00019999999494757503, 0.00019999999494757503, 0.00019999999494757503, 0.00019999999494757503, 9.999999747378752e-05, 9.999999747378752e-05, 9.999999747378752e-05, 9.999999747378752e-05, 9.999999747378752e-05, 9.999999747378752e-05, 9.999999747378752e-05, 9.999999747378752e-05, 4.999999873689376e-05, 4.999999873689376e-05, 4.999999873689376e-05, 4.999999873689376e-05, 4.999999873689376e-05, 4.999999873689376e-05, 4.999999873689376e-05, 4.999999873689376e-05, 4.999999873689376e-05, 4.999999873689376e-05, 2.499999936844688e-05, 2.499999936844688e-05]}